{
	"blemishResults": {
		"dateRun": "04-Apr-2016 10:09:17",
		"ini_time_size": "31-Mar-2016 16:58:41 15016B  MD5 = cd46463ba09b3beebeef87a005723098",
		"imatest_ini_version": " ",
		"version": "Imatest 4.3.7  Blemish",
		"title": "60cm.raw",
		"build": "2016-02-25",
		"ColorChannel": "R",
		"nColorChannel": [1],
		"gamma": [1],
		"totalImagePxls": [1997568],
		"downsample_Image": [0],
		"max_norml_pxl_level": [0.016227],
		"corner_and_side_regions": "50x50 pxls",
		"corner_lvls_div_255_UL_LL_UR_LR": [0.015794,0.015452,0.016016,0.01543],
		"side_lvls_div_255_L_R": [0.015192,0.015379],
		"corner_lvls_Pct_UL_LL_UR_LR": [0.97328,0.95225,0.98698,0.9509],
		"side_levels_Pct_L_R": [0.93618,0.94773],
		"worst_corner_lvl_div_255": [0.01543],
		"mean_corner_lvl_div_255": [0.015673],
		"worst_corner_lvl_Pct": [0.9509],
		"mean_corner_lvl_Pct": [0.96585],
		"min_LRTB_sides_ctr": [0.01519],
		"max_LRTB_sides_ctr": [0.01602],
		"nonuniformity_LRTB_sides_ctr_pct": [5.15],
		"uniformity_LRTB_sides_ctr_pct": [94.85],
		"crop_borders_LRTB": [0,0,0,0],
		"analyzeHotPxls": [1],
		"hotThreshold": [36],
		"nHotPixels": [0],
		"analyzeDeadPxls": [0],
		"H_D_threshold_units": "Absolute pixels",
		"resTable_comment": "Results table variables start with resTable_.",
		"resTable_entries": "Center, UL, LL, UR, LR, L-Ctr, R-Ctr, T-Ctr, B-Ctr, Center 25%,Worst corner, Mean corner, Best corner, Pct corner var",
		"resTable_R_div_B_unnorml": [0.99847,1.0262,1.0028,1.0308,1.0011,0.98819,0.99572,1.0048,1.0095,1.0009,1.0011,1.0152,1.0308,2.883],
		"resTable_R_div_G_unnorml": [0.949,0.96113,0.96781,0.98026,0.96855,0.93686,0.94031,0.95129,0.98317,0.95725,0.96113,0.96944,0.98026,1.952],
		"resTable_B_div_G_unnorml": [0.94427,0.93053,0.95881,0.94485,0.96123,0.94189,0.93824,0.94064,0.96761,0.95019,0.93053,0.94885,0.96123,3.194],
		"resTable_R_div_B_normlzd": [0.96863,0.99551,0.97286,1,0.97117,0.95867,0.96596,0.9748,0.97931,0.971,0.97117,0.98488,1,2.7968],
		"resTable_R_div_G_normlzd": [0.96525,0.97758,0.98438,0.99705,0.98514,0.95291,0.95642,0.96758,1,0.97364,0.97758,0.98604,0.99705,1.9854],
		"resTable_B_div_G_normlzd": [0.97588,0.96168,0.99091,0.97648,0.99341,0.97342,0.96965,0.97213,1,0.982,0.96168,0.98062,0.99341,3.3009],
		"resTable_Red": [0.015341,0.015794,0.015452,0.016016,0.01543,0.015192,0.015379,0.015659,0.01552,0.015471,0.01543,0.015673,0.016016,3.656],
		"resTable_Green": [0.016065,0.016332,0.015866,0.016238,0.015831,0.016115,0.016255,0.01636,0.015686,0.016062,0.015831,0.016067,0.016332,3.068],
		"resTable_Blue": [0.015264,0.015291,0.015309,0.015437,0.015314,0.015273,0.015345,0.015483,0.015275,0.015357,0.015291,0.015338,0.015437,0.9487],
		"resTable_Delta_E_ctr": [0,0.03442,0.03445,0.04053,0.03862,0.01478,0.01881,0.02207,0.05891,0.01393,0.03442,0.03701,0.04053,15.06],
		"resTable_Delta_C_ctr": [0,0.02785,0.0335,0.03549,0.03727,0.01477,0.01562,0.007959,0.05663,0.01375,0.02785,0.03353,0.03727,25.27],
		"resTable_Delta_E94_ctr": [0,0.03437,0.03432,0.04047,0.03846,0.01473,0.01876,0.02207,0.05869,0.01387,0.03432,0.0369,0.04047,15.21],
		"resTable_Delta_C94_ctr": [0,0.02778,0.03336,0.03542,0.03711,0.01472,0.01556,0.007935,0.0564,0.01369,0.02778,0.03342,0.03711,25.14],
		"resTable_Delta_E00_ctr": [0,0.03043,0.04689,0.05263,0.05146,0.02202,0.02279,0.01436,0.08065,0.01939,0.03043,0.04535,0.05263,42.18],
		"resTable_Delta_C00_ctr": [0,0.02809,0.04666,0.05139,0.05113,0.02202,0.02197,0.008035,0.0801,0.01935,0.02809,0.04432,0.05139,45.35],
		"resTable_Delta_E_25pct": [0.01393,0.03914,0.02229,0.03271,0.02665,0.02767,0.03051,0.02674,0.04669,0,0.02229,0.0302,0.03914,43.07],
		"resTable_Delta_C_25pct": [0.01375,0.03476,0.01977,0.02774,0.02362,0.0276,0.02937,0.01944,0.04288,0,0.01977,0.02647,0.03476,43.11],
		"resTable_Delta_E94_25pct": [0.01388,0.03905,0.02222,0.03268,0.02657,0.02758,0.0304,0.02669,0.04656,0,0.02222,0.03013,0.03905,43.09],
		"resTable_Delta_C94_25pct": [0.0137,0.03465,0.0197,0.0277,0.02353,0.02751,0.02926,0.01937,0.04274,0,0.0197,0.0264,0.03465,43.15],
		"resTable_Delta_E00_25pct": [0.01939,0.03734,0.02797,0.03772,0.03265,0.04074,0.04159,0.02667,0.06169,0,0.02797,0.03392,0.03772,25.87],
		"resTable_Delta_C00_25pct": [0.01935,0.03586,0.02733,0.03637,0.03186,0.04073,0.04131,0.02447,0.06076,0,0.02733,0.03285,0.03637,24.86],
		"resTable_Chroma": [0.09729,0.1138,0.06443,0.08371,0.06035,0.1089,0.1126,0.1032,0.04371,0.08386,0.06035,0.08058,0.1138,46.98],
		"resTable_L": [1.108,1.129,1.1,1.128,1.098,1.109,1.119,1.129,1.092,1.111,1.098,1.114,1.129,2.688],
		"resTable_a": [-0.07665,-0.07281,-0.04733,-0.04318,-0.04504,-0.09141,-0.09064,-0.07784,-0.02558,-0.06435,-0.07281,-0.05209,-0.04318,-68.6],
		"resTable_b": [0.05991,0.08749,0.04372,0.07171,0.04017,0.05922,0.06687,0.06778,0.03544,0.05378,0.04017,0.06077,0.08749,54.09],
		"resTable_Y_Luminance": [0.016,0.016,0.016,0.016,0.016,0.016,0.016,0.016,0.016,0.016,0.016,0.016,0.016,2.688],
		"resTable_Delta_Temp_K_ctr": [0,-102.3,-8.3,-112.8,-0.8,35.3,6.8,-24,-28.2,-5.6,0,0,0,0],
		"resTable_Delta_Temp_K_25pct": [5.6,-96.7,-2.7,-107.2,4.8,40.9,12.3,-18.4,-22.6,0,0,0,0,0],
		"rel_illum_comment": "Relative illumination variables start with rel_illum_.",
		"rel_illum_entries": "R/B, R/G, B/G, B/R, G/R, G/B",
		"rel_illum_min_ratio_corners_div_ratio_center": [1.003,1.013,0.985,0.969,0.968,0.982],
		"rel_illum_min_ratio_9regions_div_max_ratio_9regions": [0.959,0.953,0.962,0.959,0.953,0.962],
		"bayer_comment": "Results for Bayer Raw image",
		"bayerTable_entries": "Center, UL, LL, UR, LR, L-Ctr, R-Ctr, T-Ctr, B-Ctr, Center 25%,Worst corner, Mean corner, Best corner, Pct corner var",
		"R_mean": [0.015412,0.015663,0.015355,0.015861,0.015392,0.015345,0.015403,0.015649,0.015305,0.015465,0.015355,0.015568,0.015861,3.187],
		"Gr_mean": [0.015994,0.016294,0.015956,0.016361,0.015899,0.0161,0.016156,0.01633,0.015669,0.016007,0.015899,0.016128,0.016361,2.824],
		"B_mean": [0.015272,0.015347,0.015169,0.0154,0.015281,0.015325,0.015285,0.015372,0.015071,0.015322,0.015169,0.015299,0.0154,1.502],
		"Gb_mean": [0.015523,0.015712,0.015483,0.015742,0.015442,0.015577,0.015651,0.015705,0.015372,0.015521,0.015442,0.015595,0.015742,1.908],
		"R_B_mean_ratio": [1.009,1.021,1.012,1.03,1.007,1.001,1.008,1.018,1.015,1.009,1.007,1.018,1.03,2.196],
		"R_G_mean_ratio": [0.978,0.9787,0.9768,0.9881,0.9822,0.9688,0.9685,0.977,0.9861,0.9811,0.9768,0.9815,0.9881,1.141],
		"G_B_mean_ratio": [1.032,1.043,1.036,1.042,1.026,1.033,1.04,1.042,1.03,1.029,1.026,1.037,1.043,1.649],
		"Gb_Gr_mean_ratio": [0.9706,0.9643,0.9703,0.9622,0.9713,0.9675,0.9688,0.9617,0.9811,0.9696,0.9622,0.967,0.9713,0.9341],
		"R_Std": [0.002417],
		"Gr_Std": [0.002356],
		"B_Std": [0.002456],
		"Gb_Std": [0.002368],
		"R_B_ratio_ctr2corner_mean_variation": [-0.008358],
		"R_G_ratio_ctr2corner_mean_variation": [-0.003512],
		"G_B_ratio_ctr2corner_mean_variation": [-0.00482],
		"R_B_ratio_ctr2corner_worst_variation": [-0.02076],
		"R_G_ratio_ctr2corner_worst_variation": [-0.01014],
		"G_B_ratio_ctr2corner_worst_variation": [-0.01082],
		"R_ctr2corner_mean_variation": [-0.0001561],
		"Gr_ctr2corner_mean_variation": [-0.0001333],
		"B_ctr2corner_mean_variation": [-2.743e-05],
		"Gb_ctr2corner_mean_variation": [-7.138e-05],
		"R_ctr2corner_worst_variation": [5.629e-05],
		"Gr_ctr2corner_worst_variation": [9.525e-05],
		"B_ctr2corner_worst_variation": [0.0001029],
		"Gb_ctr2corner_worst_variation": [8.146e-05],
		"profile_comment": "Profiles (cross-sections) are unnormalized with max of 1.",
		"profile_distance": [0,0.025,0.05,0.075,0.1,0.125,0.15,0.175,0.2,0.225,0.25,0.275,0.3,0.325,0.35,0.375,0.4,0.425,0.45,0.475,0.5,0.525,0.55,0.575,0.6,0.625,0.65,0.675,0.7,0.725,0.75,0.775,0.8,0.825,0.85,0.875,0.9,0.925,0.95,0.975,1],