{
	"blemishResults": {
		"dateRun": "31-Mar-2016 18:52:39",
		"ini_time_size": "31-Mar-2016 16:55:32 15010B  MD5 = 2ee11cfbbdb69ec3ad588e41870ff17c",
		"imatest_ini_version": " ",
		"version": "Imatest 4.3.7  Blemish",
		"title": "60cm.raw",
		"build": "2016-02-25",
		"ColorChannel": "R",
		"nColorChannel": [1],
		"gamma": [1],
		"totalImagePxls": [1997568],
		"downsample_Image": [0],
		"max_norml_pxl_level": [0.47201],
		"corner_and_side_regions": "50x50 pxls",
		"corner_lvls_div_255_UL_LL_UR_LR": [0.10571,0.10247,0.11034,0.10534],
		"side_lvls_div_255_L_R": [0.1568,0.16139],
		"corner_lvls_Pct_UL_LL_UR_LR": [0.22396,0.21709,0.23378,0.22317],
		"side_levels_Pct_L_R": [0.3322,0.34192],
		"worst_corner_lvl_div_255": [0.10247],
		"mean_corner_lvl_div_255": [0.10597],
		"worst_corner_lvl_Pct": [0.21709],
		"mean_corner_lvl_Pct": [0.2245],
		"min_LRTB_sides_ctr": [0.1025],
		"max_LRTB_sides_ctr": [0.4709],
		"nonuniformity_LRTB_sides_ctr_pct": [78.2],
		"uniformity_LRTB_sides_ctr_pct": [21.76],
		"crop_borders_LRTB": [0,0,0,0],
		"analyzeHotPxls": [0],
		"analyzeDeadPxls": [1],
		"deadThreshold": [4],
		"nDeadPixels": [0],
		"H_D_threshold_units": "Absolute pixels",
		"resTable_comment": "Results table variables start with resTable_.",
		"resTable_entries": "Center, UL, LL, UR, LR, L-Ctr, R-Ctr, T-Ctr, B-Ctr, Center 25%,Worst corner, Mean corner, Best corner, Pct corner var",
		"resTable_R_div_B_unnorml": [0.94212,0.86967,0.87614,0.87333,0.87302,0.87768,0.86729,0.89628,0.89598,0.93571,0.86967,0.87304,0.87614,0.7389],
		"resTable_R_div_G_unnorml": [0.57873,0.58385,0.58,0.5902,0.5891,0.57324,0.57616,0.5808,0.57484,0.57942,0.58,0.58579,0.5902,1.728],
		"resTable_B_div_G_unnorml": [0.61417,0.67079,0.66143,0.67527,0.67423,0.65276,0.66396,0.64777,0.64134,0.6191,0.66143,0.67043,0.67527,2.049],
		"resTable_R_div_B_normlzd": [1,0.9231,0.92997,0.92698,0.92665,0.9316,0.92058,0.95134,0.95102,0.9932,0.9231,0.92668,0.92997,0.78429],
		"resTable_R_div_G_normlzd": [0.98057,0.98923,0.98272,1,0.99814,0.97126,0.97621,0.98407,0.97398,0.98173,0.98272,0.99252,1,2.9278],
		"resTable_B_div_G_normlzd": [0.90951,0.99337,0.97951,1,0.99846,0.96667,0.98326,0.95928,0.94975,0.91682,0.97951,0.99283,1,3.0343],
		"resTable_Red": [0.47075,0.10571,0.10247,0.11034,0.10534,0.1568,0.16139,0.24657,0.23519,0.45334,0.10247,0.10597,0.11034,7.136],
		"resTable_Green": [0.81331,0.18096,0.17657,0.18686,0.17871,0.27344,0.28002,0.42444,0.40904,0.7823,0.17657,0.18078,0.18686,5.506],
		"resTable_Blue": [0.49957,0.12146,0.11686,0.12625,0.12056,0.17856,0.18599,0.27501,0.26239,0.48438,0.11686,0.12128,0.12625,7.44],
		"resTable_Delta_E_ctr": [0,71.19,71.61,70.53,71.54,59.43,58.89,42,43.49,3.361,70.53,71.22,71.61,1.502],
		"resTable_Delta_C_ctr": [0,39.37,39.36,39.19,39.67,32.78,32.85,23.74,24.15,2.115,39.19,39.4,39.67,1.209],
		"resTable_Delta_E94_ctr": [0,60.44,60.94,59.78,60.68,50.52,49.84,35.35,36.86,2.689,59.78,60.46,60.94,1.905],
		"resTable_Delta_C94_ctr": [0,11.64,11.63,11.58,11.72,9.698,9.741,7.037,7.151,0.6369,11.58,11.64,11.72,1.187],
		"resTable_Delta_E00_ctr": [0,59.69,59.96,59.3,59.86,50.76,49.93,32.02,33.72,2.013,59.3,59.7,59.96,1.101],
		"resTable_Delta_C00_ctr": [0,15.8,15.79,15.7,15.96,12.39,12.43,8.329,8.496,0.6404,15.7,15.81,15.96,1.66],
		"resTable_Delta_E_25pct": [3.361,67.85,68.27,67.19,68.2,56.1,55.55,38.65,40.14,0,67.19,67.88,68.27,1.58],
		"resTable_Delta_C_25pct": [2.115,37.26,37.26,37.08,37.56,30.67,30.75,21.63,22.04,0,37.08,37.29,37.56,1.278],
		"resTable_Delta_E94_25pct": [2.693,57.82,58.31,57.15,58.06,47.88,47.2,32.7,34.21,0,57.15,57.84,58.31,1.99],
		"resTable_Delta_C94_25pct": [0.6547,11.33,11.31,11.27,11.41,9.329,9.371,6.589,6.707,0,11.27,11.33,11.41,1.258],
		"resTable_Delta_E00_25pct": [2.013,56.08,56.34,55.7,56.25,48.42,47.71,30.14,31.86,0,55.7,56.09,56.34,1.134],
		"resTable_Delta_C00_25pct": [0.6404,15.26,15.26,15.16,15.43,11.81,11.85,7.715,7.884,0,15.16,15.28,15.43,1.746],
		"resTable_Chroma": [53.27,13.97,13.96,14.15,13.66,20.55,20.51,29.59,29.17,51.17,13.66,13.93,14.15,3.409],
		"resTable_L": [76.29,16.97,16.47,17.64,16.74,26.71,27.41,41.64,40.12,73.67,16.47,16.96,17.64,6.659],
		"resTable_a": [-42.8,-11.87,-11.79,-12.02,-11.61,-17.24,-17.34,-24.53,-24.14,-41.28,-12.02,-11.82,-11.61,-3.515],
		"resTable_b": [31.72,7.365,7.468,7.465,7.208,11.19,10.95,16.56,16.38,30.25,7.208,7.376,7.468,3.486],
		"resTable_Y_Luminance": [0.718,0.161,0.157,0.166,0.159,0.242,0.248,0.376,0.362,0.691,0.157,0.161,0.166,5.842],
		"resTable_Delta_Temp_K_ctr": [0,278.1,246.6,275.7,275.3,221.5,266.6,160.1,151.7,20.2,0,0,0,0],
		"resTable_Delta_Temp_K_25pct": [-20.2,257.9,226.4,255.5,255.1,201.3,246.4,139.9,131.5,0,0,0,0,0],
		"rel_illum_comment": "Relative illumination variables start with rel_illum_.",
		"rel_illum_entries": "R/B, R/G, B/G, B/R, G/R, G/B",
		"rel_illum_min_ratio_corners_div_ratio_center": [0.923,1.002,1.077,1.075,0.981,0.91],
		"rel_illum_min_ratio_9regions_div_max_ratio_9regions": [0.921,0.971,0.91,0.921,0.971,0.91],
		"bayer_comment": "Results for Bayer Raw image",
		"bayerTable_entries": "Center, UL, LL, UR, LR, L-Ctr, R-Ctr, T-Ctr, B-Ctr, Center 25%,Worst corner, Mean corner, Best corner, Pct corner var",
		"R_mean": [0.47074,0.10572,0.10246,0.11043,0.10531,0.1565,0.16133,0.24674,0.23562,0.4537,0.10246,0.10598,0.11043,7.218],
		"Gr_mean": [0.81227,0.18102,0.17656,0.18691,0.17923,0.27344,0.28002,0.42428,0.40947,0.78286,0.17656,0.18093,0.18691,5.54],
		"B_mean": [0.49921,0.12144,0.11677,0.1261,0.12077,0.17866,0.18582,0.27528,0.26224,0.48467,0.11677,0.12127,0.1261,7.4],
		"Gb_mean": [0.81296,0.18016,0.17678,0.18632,0.17937,0.27093,0.27766,0.42281,0.41189,0.78321,0.17678,0.18066,0.18632,5.12],
		"R_B_mean_ratio": [0.943,0.8705,0.8775,0.8758,0.872,0.876,0.8682,0.8963,0.8985,0.9361,0.8705,0.8739,0.8775,0.79],
		"R_G_mean_ratio": [0.5793,0.5854,0.58,0.5918,0.5874,0.575,0.5786,0.5826,0.5737,0.5794,0.58,0.5861,0.5918,1.994],
		"G_B_mean_ratio": [1.628,1.487,1.513,1.48,1.485,1.524,1.501,1.539,1.566,1.616,1.48,1.491,1.513,2.186],
		"Gb_Gr_mean_ratio": [1.001,0.9952,1.001,0.9968,1.001,0.9908,0.9915,0.9965,1.006,1,0.9952,0.9985,1.001,0.6005],
		"R_Std": [0.01556],
		"Gr_Std": [0.02499],
		"B_Std": [0.01506],
		"Gb_Std": [0.02485],
		"R_B_ratio_ctr2corner_mean_variation": [0.06904],
		"R_G_ratio_ctr2corner_mean_variation": [-0.006829],
		"G_B_ratio_ctr2corner_mean_variation": [0.1367],
		"R_B_ratio_ctr2corner_worst_variation": [0.07244],
		"R_G_ratio_ctr2corner_worst_variation": [-0.01248],
		"G_B_ratio_ctr2corner_worst_variation": [0.1479],
		"R_ctr2corner_mean_variation": [0.3648],
		"Gr_ctr2corner_mean_variation": [0.6313],
		"B_ctr2corner_mean_variation": [0.3779],
		"Gb_ctr2corner_mean_variation": [0.6323],
		"R_ctr2corner_worst_variation": [0.3683],
		"Gr_ctr2corner_worst_variation": [0.6357],
		"B_ctr2corner_worst_variation": [0.3824],
		"Gb_ctr2corner_worst_variation": [0.6362],
		"profile_comment": "Profiles (cross-sections) are unnormalized with max of 1.",
		"profile_distance": [0,0.025,0.05,0.075,0.1,0.125,0.15,0.175,0.2,0.225,0.25,0.275,0.3,0.325,0.35,0.375,0.4,0.425,0.45,0.475,0.5,0.525,0.55,0.575,0.6,0.625,0.65,0.675,0.7,0.725,0.75,0.775,0.8,0.825,0.85,0.875,0.9,0.925,0.95,0.975,1],
		"profile_R_UL_LR": [0.1034,0.1081,0.1198,0.133,0.1487,0.1672,0.1878,0.2091,0.2309,0.2551,0.2801,0.3078,0.3366,0.3649,0.3911,0.4153,0.4353,0.4511,0.4611,0.4678,0.4708,0.4693,0.4631,0.4523,0.4378,0.4177,0.3946,0.3676,0.3387,0.31,0.2823,0.2557,0.2322,0.2098,0.1883,0.1675,0.1492,0.1329,0.1197,0.1086,0.1019],
		"profile_G_UL_LR": [0.1774,0.1853,0.2074,0.232,0.26,0.293,0.3287,0.3661,0.4038,0.4437,0.4861,0.5316,0.5794,0.6278,0.6745,0.7171,0.7505,0.7784,0.7967,0.809,0.8125,0.8098,0.8007,0.7829,0.7549,0.7188,0.6769,0.6297,0.5805,0.5325,0.4848,0.4409,0.4007,0.3633,0.3266,0.2914,0.2588,0.2305,0.207,0.1854,0.173],